name,surname,dob
Kelsey,Bradley,1960-05-06
Brittany,Black,1978-05-22
Gabriel,Pruitt,1998-03-17
Margaret,Flores,1994-03-18
Jasmin,Sullivan,1977-09-21
Darrell,Chavez,1975-05-06
Stephanie,Brown,1990-01-24
Destiny,Graves,1956-05-02
Juan,Randall,1945-09-29
Doris,Murillo,1993-11-06
Robert,Castro,1948-01-16
Angela,Lee,1947-05-07
Tammy,Jennings,1981-06-18
Leslie,Bell,1976-11-15
Gilbert,Hurley,1959-09-18
Jason,Donaldson,1961-03-06
Marc,Perez,1950-10-15
Barbara,Jimenez,1982-06-02
Paul,Jarvis,1959-02-28
Joshua,Moore,1960-06-08
Yvonne,Smith,1970-12-27
Kelli,Mason,1982-01-03
Jennifer,Anderson,1994-09-02
Adam,Gonzales,1987-09-14
Austin,Carroll,1967-09-20
Alexander,Welch,1986-06-22
James,Daugherty,1988-11-28
Debra,Smith,1946-04-30
Kevin,Pennington,1973-02-17
William,Wilson,1978-10-13
